<!DOCTYPE hibernate-configuration SYSTEM "http://www.hibernate.org/dtd/hibernate-configuration-3.0.dtd">
<hibernate-configuration>
	<session-factory>
		<property name="hibernate.dialect">org.hibernate.dialect.Oracle10gDialect</property>
		<property name="hibernate.connection.driver_class">oracle.jdbc.driver.OracleDriver</property>
		
		<property name="hibernate.connection.url">jdbc:oracle:thin:@samjavadb.cecxuvq3cw6r.us-east-2.rds.amazonaws.com:1521:orcl</property>
		<property name="hibernate.connection.username"> sambo </property>
		<property name="hibernate.connection.password"> sambo </property>
		
		
		<property name="hibernate.show_sql">true</property>
		<property name="hibernate.format_sql">true</property>
		<property name="hibernate.connection.pool_size">5</property>


		<mapping class="com.revature.domains.HoneyPot" />
		<mapping class="com.revature.domains.Bear" />
		<mapping class="com.revature.domains.Cave" />


	</session-factory>
</hibernate-configuration>